,lat,lon,alt,cover_class
0,-81.65454901110998,25.917475546598396,0.0,Mud
1,-81.65601238195094,25.90798626025985,0.0,Mud
2,-81.65605427216776,25.907822878221044,0.0,Mud
3,-81.63825722596269,25.91703904303686,0.0,Mud
4,-81.63815790338658,25.91704154138796,0.0,Mud
5,-81.63806787645298,25.9170805917889,0.0,Mud
6,-81.63803275982016,25.916997216240844,0.0,Mud
7,-81.6380811146483,25.916921969809323,0.0,Mud
8,-81.63815137276008,25.916857811490633,0.0,Mud
9,-81.65299874694811,25.91166552689317,0.0,Mud
10,-81.65302870370569,25.911579392147605,0.0,Mud
11,-81.65307061651357,25.91149794991829,0.0,Mud
12,-81.64942324011017,25.908959095621384,0.0,Mud
13,-81.64949100931352,25.90878996145961,0.0,Mud
14,-81.64954431278714,25.90862046242561,0.0,Mud
15,-81.65090858916082,25.904874537235543,0.0,Mud
16,-81.65089318119055,25.90496375047727,0.0,Mud
17,-81.65088476915639,25.905053294785603,0.0,Mud
18,-81.65077086822612,25.90530345301882,0.0,Mud
19,-81.65066373787587,25.905066062331425,0.0,Mud
20,-81.65064159594988,25.904978015932564,0.0,Mud
21,-81.68004550452054,25.874431717503743,0.0,Mud
22,-81.68030515651944,25.87430951755898,0.0,Mud
23,-81.68040718623925,25.87426386628538,0.0,Mud
24,-81.6804770205645,25.874199438482275,0.0,Mud
25,-81.6807367139766,25.873910655498157,0.0,Mud
26,-81.68056366264807,25.874220191897358,0.0,Mud
27,-81.6805842187382,25.874308424142374,0.0,Mud
28,-81.70931190185804,26.038432936581128,0.0,Mangrove
29,-81.70922092021554,26.03841751704489,0.0,Mangrove
30,-81.7091054147904,26.038749926321348,0.0,Mangrove
31,-81.70912947916383,26.03883724037253,0.0,Mangrove
32,-81.71164823704389,26.03944046784791,0.0,Mangrove
33,-81.71139038159477,26.039128995204756,0.0,Mangrove
34,-81.71118913078189,26.039031443564777,0.0,Mangrove
35,-81.7110905680991,26.039021090027962,0.0,Mangrove
36,-81.71092541391683,26.03902236214788,0.0,Mangrove
37,-81.7106393613331,26.03900934453648,0.0,Mangrove
38,-81.710559153947,26.03895948287625,0.0,Mangrove
39,-81.71041830364854,26.038855403190766,0.0,Mangrove
40,-81.71011903948104,26.038838519715505,0.0,Mangrove
41,-81.70998716015505,26.0388249485812,0.0,Mangrove
42,-81.7098961356438,26.038810416552742,0.0,Mangrove
43,-81.70976719637379,26.03867517285103,0.0,Mangrove
44,-81.7128786929961,26.013853576948563,0.0,Mangrove
45,-81.71302396190967,26.013532257783222,0.0,Mangrove
46,-81.71310160596217,26.01347541883373,0.0,Mangrove
47,-81.71317924993947,26.013418579843673,0.0,Mangrove
48,-81.71157446302874,26.0119853902114,0.0,Mangrove
49,-81.71165943538941,26.01193882362386,0.0,Mangrove
50,-81.713173812547,26.012041403135488,0.0,Mangrove
51,-81.71324496000715,26.012104804944013,0.0,Mangrove
52,-81.71315750719029,26.01210349048674,0.0,Mangrove
53,-81.71304384141243,26.0120802245028,0.0,Mangrove
54,-81.71311316122097,26.012015190670255,0.0,Mangrove
55,-81.7223659882981,25.98817714650531,0.0,Mangrove
56,-81.72266817191273,25.988412918529885,0.0,Mangrove
57,-81.72280227116339,25.98853695454136,0.0,Mangrove
58,-81.72285360328073,25.98861441758589,0.0,Mangrove
59,-81.72289510952618,25.988695925410532,0.0,Mangrove
60,-81.72286422911111,25.988832534976115,0.0,Mangrove
61,-81.72281098069035,25.988903279284923,0.0,Mangrove
62,-81.72241222376753,25.98923233179092,0.0,Mangrove
63,-81.72226782814242,25.98912860656216,0.0,Mangrove
64,-81.7220497182472,25.98894714959374,0.0,Mangrove
65,-81.72194285775333,25.98884075544807,0.0,Mangrove
66,-81.72184837594531,25.988798801380273,0.0,Mangrove
67,-81.72183573859482,25.98878883360363,0.0,Mangrove
68,-81.72187619777962,25.988716493020434,0.0,Mangrove
69,-81.72184870443424,25.988662870739493,0.0,Mangrove
70,-81.72189454324992,25.988621948074265,0.0,Mangrove
71,-81.72186151422626,25.988551780009193,0.0,Mangrove
72,-81.7218917488852,25.988465721094883,0.0,Mangrove
73,-81.72185273032304,25.988367806951974,0.0,Mangrove
74,-81.72179375704576,25.988222304525408,0.0,Mangrove
75,-81.72463780221345,25.98933941850463,0.0,Mangrove
76,-81.72454183718095,25.989352284638855,0.0,Mangrove
77,-81.72434333445707,25.989392407131753,0.0,Mangrove
78,-81.72428531986984,25.98945612151979,0.0,Mangrove
79,-81.72421510110017,25.989505464490726,0.0,Mangrove
80,-81.72387363958903,25.98965329378293,0.0,Mangrove
81,-81.72278372696155,25.989029554191255,0.0,Mangrove
82,-81.72308750463785,25.989207255103786,0.0,Mangrove
83,-81.72315725712123,25.98926353482231,0.0,Mangrove
84,-81.72518268431769,25.988044126592765,0.0,Mangrove
85,-81.725108989144,25.98833663352572,0.0,Mangrove
86,-81.72534681106521,25.988542756804474,0.0,Mangrove
87,-81.72553443611541,25.988308985846857,0.0,Mangrove
88,-81.72365719166176,25.989646785430338,0.0,Mangrove
89,-81.72356308604849,25.989616909745386,0.0,Mangrove
90,-81.71054612573954,26.04037141360946,0.0,Mangrove
91,-81.71074050733426,26.0401828216497,0.0,Mangrove
92,-81.7111210552044,26.039853632435943,0.0,Mangrove
93,-81.71118232578891,26.039782615872873,0.0,Mangrove
94,-81.71125594733778,26.03972534952124,0.0,Mangrove
95,-81.71164517399137,26.0395136284651,0.0,Mangrove
96,-81.71171219805426,26.039574067165695,0.0,Mangrove
97,-81.71195708818259,26.039645961369285,0.0,Mangrove
98,-81.71216896278221,26.039547521325435,0.0,Mangrove
99,-81.71219848075525,26.03946280529555,0.0,Mangrove
100,-81.71228148723792,26.039414531579148,0.0,Mangrove
101,-81.71229882183671,26.039286834210664,0.0,Mangrove
102,-81.71225537608453,26.039222571984116,0.0,Mangrove
103,-81.71185158605539,26.03937200099449,0.0,Mangrove
104,-81.70867114152242,26.039123739285827,0.0,Mangrove
105,-81.70841135806619,26.03971047097807,0.0,Mangrove
106,-81.70835742705697,26.039782649697404,0.0,Mangrove
107,-81.70828762542168,26.03990086428676,0.0,Mangrove
108,-81.7080590340498,26.040086239852617,0.0,Mangrove
109,-81.7081078775979,26.040236402121476,0.0,Mangrove
110,-81.70804477625079,26.040474016160893,0.0,Mangrove
111,-81.70803207475055,26.040561258128267,0.0,Mangrove
112,-81.70803472836734,26.040646676148484,0.0,Mangrove
113,-81.70803038875896,26.040788575748724,0.0,Mangrove
114,-81.70810666452186,26.042075394176997,0.0,Mangrove
115,-81.70815128441374,26.042153403499437,0.0,Mangrove
116,-81.70821876419184,26.04221522927463,0.0,Mangrove
117,-81.7083045163765,26.042257397780098,0.0,Mangrove
118,-81.70839399170318,26.042295576991947,0.0,Mangrove
119,-81.7084867913733,26.04232567768958,0.0,Mangrove
120,-81.70858575203673,26.042330573573647,0.0,Mangrove
121,-81.70882743339413,26.04208701450322,0.0,Mangrove
122,-81.70904644888213,26.041906550469385,0.0,Mangrove
123,-81.709148150594,26.04175181643024,0.0,Mangrove
124,-81.70918798161371,26.041669005221586,0.0,Mangrove
125,-81.70403596015241,26.034412275312206,0.0,Mangrove
126,-81.70394707389237,26.03443010442188,0.0,Mangrove
127,-81.70329178722753,26.034185185141403,0.0,Mangrove
128,-81.70328173007672,26.034103068091166,0.0,Mangrove
129,-81.70325958408745,26.034022273961476,0.0,Mangrove
130,-81.70307275039369,26.03397829252386,0.0,Mangrove
131,-81.70288105590716,26.034017614433974,0.0,Mangrove
132,-81.70278414379449,26.03400945613322,0.0,Mangrove
133,-81.70260209019543,26.033746409373318,0.0,Mangrove
134,-81.70245572674,26.033731224033044,0.0,Mangrove
135,-81.70234762158286,26.03382188270343,0.0,Mangrove
136,-81.70207106507269,26.034181094697832,0.0,Mangrove
137,-81.70230185383791,26.034467037928703,0.0,Mangrove
138,-81.70242227746091,26.034557253541113,0.0,Mangrove
139,-81.70246521713366,26.034634163140648,0.0,Mangrove
140,-81.70279228766002,26.03469355347177,0.0,Mangrove
141,-81.70285800313214,26.034751769514546,0.0,Mangrove
142,-81.70284152404923,26.034839936773224,0.0,Mangrove
143,-81.70272246651969,26.035077246798032,0.0,Mangrove
144,-81.70292636800073,26.035219717227655,0.0,Mangrove
145,-81.70297246606351,26.035292232220044,0.0,Mangrove
146,-81.70304535384855,26.03534883249979,0.0,Mangrove
147,-81.70396374361353,26.035277993093334,0.0,Mangrove
148,-81.7040538910842,26.035315556175767,0.0,Mangrove
149,-81.70414908363138,26.035341073684542,0.0,Mangrove
150,-81.70424724220207,26.03535610026282,0.0,Mangrove
151,-81.70992200136378,26.04082971778806,0.0,Mangrove
152,-81.7101153814492,26.040622699361148,0.0,Mangrove
153,-81.65452802325308,25.917238861128695,0.0,Mangrove
154,-81.71742815158876,25.989141079847514,0.0,Mangrove
155,-81.7175141356427,25.989111233399523,0.0,Mangrove
156,-81.71768320805852,25.989189312945015,0.0,Mangrove
157,-81.71887102800252,25.990012279821425,0.0,Mangrove
158,-81.71900249059672,25.989891476166044,0.0,Mangrove
159,-81.71902108707825,25.989743213351368,0.0,Mangrove
160,-81.71911976985339,25.989729579696768,0.0,Mangrove
161,-81.71927873090735,25.989661180110676,0.0,Mangrove
162,-81.71919653454059,25.98982918563689,0.0,Mangrove
163,-81.71902535695293,25.989801438292265,0.0,Mangrove
164,-81.71902657547908,25.98988609832142,0.0,Mangrove
165,-81.71842108094751,25.99019666670641,0.0,Mangrove
166,-81.71833277086263,25.990236435697007,0.0,Mangrove
167,-81.65488821076666,25.917395062750707,0.0,Mangrove
168,-81.65496438395823,25.91745264854429,0.0,Mangrove
169,-81.65503323718055,25.91749843952393,0.0,Mangrove
170,-81.65511882352497,25.917474811546963,0.0,Mangrove
171,-81.655590160271,25.917484234066748,0.0,Mangrove
172,-81.65585728875071,25.917456035981182,0.0,Mangrove
173,-81.6559955784838,25.917379869487412,0.0,Mangrove
174,-81.65601275194005,25.91729888338064,0.0,Mangrove
175,-81.6559708032644,25.91724029940032,0.0,Mangrove
176,-81.65583942705237,25.91732139673597,0.0,Mangrove
177,-81.65576663746154,25.917259589596394,0.0,Mangrove
178,-81.65550022883161,25.917326634341904,0.0,Mangrove
179,-81.65525792893342,25.91717923865446,0.0,Mangrove
180,-81.65513211940501,25.917048625006988,0.0,Mangrove
181,-81.65488490230547,25.916906900799525,0.0,Mangrove
182,-81.65485785401424,25.916822875615384,0.0,Mangrove
183,-81.65465642124286,25.916519859140827,0.0,Mangrove
184,-81.65455163151367,25.91636788881931,0.0,Mangrove
185,-81.65451034971254,25.916286774132942,0.0,Mangrove
186,-81.65446063720393,25.91620885306983,0.0,Mangrove
187,-81.65453488172146,25.91524358383973,0.0,Mangrove
188,-81.65474021035172,25.91507841185723,0.0,Mangrove
189,-81.65479142416845,25.915002247613934,0.0,Mangrove
190,-81.65479652448937,25.91491344177078,0.0,Mangrove
191,-81.65465792203581,25.914858423653456,0.0,Mangrove
192,-81.6545835497018,25.91480190233853,0.0,Mangrove
193,-81.65454456679869,25.91491277382912,0.0,Mangrove
194,-81.65455715146022,25.914960466967607,0.0,Mangrove
195,-81.65420982085352,25.914558469291677,0.0,Mangrove
196,-81.65416281689302,25.914478806066157,0.0,Mangrove
197,-81.65428778379535,25.914619673354522,0.0,Mangrove
198,-81.65429973080249,25.914586718191806,0.0,Mangrove
199,-81.65420665223786,25.914466156223416,0.0,Mangrove
200,-81.65423715381435,25.914467817997274,0.0,Mangrove
201,-81.65424920916317,25.914527007510806,0.0,Mangrove
202,-81.65425234537902,25.91436519151214,0.0,Mangrove
203,-81.65424680607356,25.914366281174065,0.0,Mangrove
204,-81.65428506701831,25.914374118081568,0.0,Mangrove
205,-81.65388723222014,25.91425059732184,0.0,Mangrove
206,-81.65380569656998,25.91419848190242,0.0,Mangrove
207,-81.65444952186488,25.91443059300463,0.0,Mangrove
208,-81.6545750393375,25.914565724921193,0.0,Mangrove
209,-81.65458999541049,25.914652641664336,0.0,Mangrove
210,-81.65414181835195,25.915509789215474,0.0,Mangrove
211,-81.71358114700466,26.011797650929186,0.0,Mangrove
212,-81.71348355842518,26.011800079036377,0.0,Mangrove
213,-81.71368182593666,26.011848889217767,0.0,Mangrove
214,-81.71375696906357,26.011898854203242,0.0,Mangrove
215,-81.71381588385708,26.011968210902015,0.0,Mangrove
216,-81.71382388136067,26.012055708276037,0.0,Mangrove
217,-81.71389134267257,26.01204697476518,0.0,Mangrove
218,-81.71381092631684,26.011891485751054,0.0,Mangrove
219,-81.71433469987626,26.011441695735662,0.0,Mangrove
220,-81.71442742439064,26.01141193120507,0.0,Mangrove
221,-81.71452530461445,26.011397174808433,0.0,Mangrove
222,-81.7146087207562,26.011355872379593,0.0,Mangrove
223,-81.71475319016031,26.011274356754274,0.0,Mangrove
224,-81.71503239384018,26.011174683908372,0.0,Mangrove
225,-81.71534604505192,26.011043150497848,0.0,Mangrove
226,-81.71538217871664,26.010968157680022,0.0,Mangrove
227,-81.71571364439077,26.010886981888426,0.0,Mangrove
228,-81.71580086226444,26.010844350296516,0.0,Mangrove
229,-81.71596264599157,26.010553261305272,0.0,Mangrove
230,-81.71598592531122,26.01047531497657,0.0,Mangrove
231,-81.71656790171572,26.011069182819455,0.0,Mangrove
232,-81.71647473540277,26.011055121572497,0.0,Mangrove
233,-81.71579234420481,26.011013064847333,0.0,Mangrove
234,-81.71559832038129,26.010992430219193,0.0,Mangrove
235,-81.71550824014177,26.01099235684064,0.0,Mangrove
236,-81.7095183622851,26.011285910516538,0.0,Mangrove
237,-81.7096154625334,26.01128721003545,0.0,Mangrove
238,-81.77743454919988,26.102471436062128,0.0,Mangrove
239,-81.77739700126027,26.102387973448792,0.0,Mangrove
240,-81.77721184595256,26.10232480207603,0.0,Mangrove
241,-81.77711761695646,26.102294598135426,0.0,Mangrove
242,-81.77687036830763,26.10237924099016,0.0,Mangrove
243,-81.71025644622927,26.013113425407138,0.0,Mangrove
244,-81.6621907227374,25.908282246067717,0.0,Mangrove
245,-81.66209384765226,25.908274950126994,0.0,Mangrove
246,-81.66199480542657,25.90827644156325,0.0,Mangrove
247,-81.66157701510372,25.908345150334238,0.0,Mangrove
248,-81.66128432779945,25.90837368431708,0.0,Mangrove
249,-81.66116556672084,25.90826665744032,0.0,Mangrove
250,-81.661077021416,25.908263402077342,0.0,Mangrove
251,-81.66093984468745,25.908153244189617,0.0,Mangrove
252,-81.66074480233948,25.9076540550517,0.0,Mangrove
253,-81.6604925645928,25.90760675818284,0.0,Mangrove
254,-81.66037570849079,25.9078656850456,0.0,Mangrove
255,-81.6604058570231,25.907951764707697,0.0,Mangrove
256,-81.6603889349214,25.90794390160462,0.0,Mangrove
257,-81.66035250537588,25.907869527080063,0.0,Mangrove
258,-81.6603249246529,25.907984201899335,0.0,Mangrove
259,-81.66022389262234,25.90799657287074,0.0,Mangrove
260,-81.66013042154161,25.908055033099828,0.0,Mangrove
261,-81.66006319727026,25.908041185011417,0.0,Mangrove
262,-81.65989404742812,25.908093469906927,0.0,Mangrove
263,-81.65980484246629,25.90812252912721,0.0,Mangrove
264,-81.65950362958407,25.908302378464967,0.0,Mangrove
265,-81.65949253561863,25.90832932692937,0.0,Mangrove
266,-81.65951927608374,25.90835696528214,0.0,Mangrove
267,-81.6594228127647,25.90841083852582,0.0,Mangrove
268,-81.65941062923233,25.90841792368136,0.0,Mangrove
269,-81.65942085515029,25.908457352226325,0.0,Mangrove
270,-81.65939170832998,25.90843792905571,0.0,Mangrove
271,-81.65895320116698,25.90903670510525,0.0,Mangrove
272,-81.65873021880942,25.909215998191286,0.0,Mangrove
273,-81.65867028733233,25.90932638405585,0.0,Mangrove
274,-81.65858863321496,25.9093648034163,0.0,Mangrove
275,-81.65850755466957,25.9093897987063,0.0,Mangrove
276,-81.65833758174213,25.9095356567345,0.0,Mangrove
277,-81.65831679584437,25.909597339044673,0.0,Mangrove
278,-81.65839097374857,25.9102208202134,0.0,Mangrove
279,-81.65839451874466,25.910062464375198,0.0,Mangrove
280,-81.65839317253005,25.909984627496357,0.0,Mangrove
281,-81.65840511085953,25.909979839218554,0.0,Mangrove
282,-81.65839703592604,25.90990430473,0.0,Mangrove
283,-81.65839858816078,25.909919386815098,0.0,Mangrove
284,-81.65840682890834,25.90970439292846,0.0,Mangrove
285,-81.65852585784636,25.909466848352857,0.0,Mangrove
286,-81.65868765811756,25.909309103033127,0.0,Mangrove
287,-81.65890278722945,25.909204080170696,0.0,Mangrove
288,-81.65926625585412,25.90923949480222,0.0,Mangrove
289,-81.65930800423507,25.90920640862762,0.0,Mangrove
290,-81.65932817656675,25.909225666586078,0.0,Mangrove
291,-81.65939815102203,25.909258159554767,0.0,Mangrove
292,-81.65938082580568,25.909307000930312,0.0,Mangrove
293,-81.65946730624837,25.90926519828872,0.0,Mangrove
294,-81.65963431072288,25.909282118982297,0.0,Mangrove
295,-81.65961917610338,25.909217492427064,0.0,Mangrove
296,-81.65967721633422,25.90914625228826,0.0,Mangrove
297,-81.65967364972174,25.909197529730765,0.0,Mangrove
298,-81.65982412541177,25.909099135123636,0.0,Mangrove
299,-81.65979291963409,25.909081360107827,0.0,Mangrove
300,-81.6598771384264,25.909119463618836,0.0,Mangrove
301,-81.65988894848418,25.90904272709741,0.0,Mangrove
302,-81.6599081532034,25.909046808572857,0.0,Mangrove
303,-81.66006214503604,25.909043189226125,0.0,Mangrove
304,-81.66006763339895,25.90906879966263,0.0,Mangrove
305,-81.66020540749746,25.909108731385327,0.0,Mangrove
306,-81.66030390484005,25.909123491525758,0.0,Mangrove
307,-81.66025828639975,25.909093690375023,0.0,Mangrove
308,-81.66030260427715,25.909005601507697,0.0,Mangrove
309,-81.66032562666348,25.909026213799123,0.0,Mangrove
310,-81.66047896820369,25.909157133421267,0.0,Mangrove
311,-81.65566237060303,25.908870911895065,0.0,Mangrove
312,-81.65562338311354,25.908948834560338,0.0,Mangrove
313,-81.65571114202315,25.9089918902673,0.0,Mangrove
314,-81.65564864044077,25.908942096818013,0.0,Mangrove
315,-81.65559970797779,25.90893829744269,0.0,Mangrove
316,-81.65564561373044,25.908979913223444,0.0,Mangrove
317,-81.65555664770075,25.908966198947333,0.0,Mangrove
318,-81.65559336533641,25.908929637607695,0.0,Mangrove
319,-81.65535345284047,25.909479782219044,0.0,Mangrove
320,-81.65511794821268,25.909578970020544,0.0,Mangrove
321,-81.65502464968495,25.90962206798294,0.0,Mangrove
322,-81.65492486692382,25.90961898939598,0.0,Mangrove
323,-81.65501809472595,25.909614093016422,0.0,Mangrove
324,-81.65511778494388,25.90960913570698,0.0,Mangrove
325,-81.65539008884521,25.90959413643075,0.0,Mangrove
326,-81.65543807779484,25.909671798016824,0.0,Mangrove
327,-81.65555402739008,25.909802278494123,0.0,Mangrove
328,-81.65571838585848,25.90976621765762,0.0,Mangrove
329,-81.65579824485518,25.9085787170573,0.0,Mangrove
330,-81.65586129402445,25.90851741194226,0.0,Mangrove
331,-81.74911655689748,26.01934319426078,0.0,Mangrove
332,-81.74921282351809,26.01932624402249,0.0,Mangrove
333,-81.74928439465756,26.01927132851347,0.0,Mangrove
334,-81.7493510177944,26.01924796657881,0.0,Mangrove
335,-81.75013758243867,26.018580614377974,0.0,Mangrove
336,-81.75101164132064,26.020690863287207,0.0,Mangrove
337,-81.7509441234202,26.020624385920314,0.0,Mangrove
338,-81.75047133170797,26.02023986245846,0.0,Mangrove
339,-81.7501937971786,26.019949791177545,0.0,Mangrove
340,-81.75010671542626,26.01992168874995,0.0,Mangrove
341,-81.75007421631234,26.01984046588138,0.0,Mangrove
342,-81.74958179737602,26.019718229673096,0.0,Mangrove
343,-81.74949102581732,26.019721774860034,0.0,Mangrove
344,-81.74946382733741,26.019663502294364,0.0,Mangrove
345,-81.74927605294077,26.019708960886707,0.0,Mangrove
346,-81.65877807674858,25.90963893487723,0.0,Mangrove
347,-81.7500584170073,26.019332475090685,0.0,Mangrove
348,-81.75014014040485,26.01928823324695,0.0,Mangrove
349,-81.7502565303787,26.019325906729495,0.0,Mangrove
350,-81.75031517358795,26.01949566737517,0.0,Mangrove
351,-81.75033192630065,26.01958208779297,0.0,Mangrove
352,-81.75032453504436,26.019671264418957,0.0,Mangrove
353,-81.75030360341373,26.01977747793308,0.0,Mangrove
354,-81.75034793123794,26.01985653231535,0.0,Mangrove
355,-81.75047640132317,26.02024004564053,0.0,Mangrove
356,-81.75055256251022,26.020297907423366,0.0,Mangrove
357,-81.75084287650706,26.020409800078966,0.0,Mangrove
358,-81.75091020355187,26.020473276526552,0.0,Mangrove
359,-81.75099182908849,26.020668756722223,0.0,Mangrove
360,-81.75112281469036,26.020804716738194,0.0,Mangrove
361,-81.75123894692132,26.02107106670422,0.0,Mangrove
362,-81.75130312681087,26.021202083639924,0.0,Mangrove
363,-81.75135051613044,26.02128136934735,0.0,Mangrove
364,-81.75135624834724,26.021245999867357,0.0,Mangrove
365,-81.7515415183395,26.02162138686618,0.0,Mangrove
366,-81.75149274198232,26.021686756322364,0.0,Mangrove
367,-81.75170272396282,26.02212623360329,0.0,Mangrove
368,-81.7517412255558,26.022085791101407,0.0,Mangrove
369,-81.75154075459285,26.02177872790759,0.0,Mangrove
370,-81.7515390651826,26.02178265482731,0.0,Mangrove
371,-81.75145981119284,26.02140744449097,0.0,Mangrove
372,-81.75150348542034,26.02132660782782,0.0,Mangrove
373,-81.71097254362682,26.046228805883143,0.0,Mangrove
374,-81.7109918472532,26.04614021328186,0.0,Mangrove
375,-81.71102875008611,26.046058815236062,0.0,Mangrove
376,-81.71115062189956,26.04591566858002,0.0,Mangrove
377,-81.71132888122138,26.04598388848879,0.0,Mangrove
378,-81.71137608746473,26.04615210037156,0.0,Mangrove
379,-81.71118413044084,26.046290069524353,0.0,Mangrove
380,-81.7117986542971,26.04602957598164,0.0,Mangrove
381,-81.71161118535917,26.04607201542569,0.0,Mangrove
382,-81.71152856227101,26.046122717892857,0.0,Mangrove
383,-81.71135160564863,26.046170684353836,0.0,Mangrove
384,-81.71269462514542,26.046590869764504,0.0,Mangrove
385,-81.71275103216132,26.046516358002776,0.0,Mangrove
386,-81.71965597182027,26.046517152536016,0.0,Mangrove
387,-81.71958778760134,26.04658300931723,0.0,Mangrove
388,-81.71948471973015,26.046736732085737,0.0,Mangrove
389,-81.71941806637133,26.046800626675502,0.0,Mangrove
390,-81.71906640188631,26.046936818211528,0.0,Mangrove
391,-81.71849172811295,26.04654078857999,0.0,Mangrove
392,-81.71843011070781,26.046470163965925,0.0,Mangrove
393,-81.71835410337955,26.0464115245499,0.0,Mangrove
394,-81.71827809612662,26.046352885091817,0.0,Mangrove
395,-81.7182005072209,26.046296040111685,0.0,Mangrove
396,-81.7180439613171,26.04618423089935,0.0,Mangrove
397,-81.71797289358518,26.046120737767165,0.0,Mangrove
398,-81.7183469973399,26.04593471248637,0.0,Mangrove
399,-81.71827593053466,26.045871218650024,0.0,Mangrove
400,-81.71713471305247,26.04516270801955,0.0,Mangrove
401,-81.71706308928165,26.045100337408286,0.0,Mangrove
402,-81.71699279426846,26.045036333680475,0.0,Mangrove
403,-81.71662037487329,26.045138331497483,0.0,Mangrove
404,-81.7165559640658,26.04506928621505,0.0,Mangrove
405,-81.71639743414535,26.04496300134668,0.0,Mangrove
406,-81.71630667484717,26.04492575210608,0.0,Mangrove
407,-81.71622551653054,26.044873046793985,0.0,Mangrove
408,-81.71651035977253,26.044792098668104,0.0,Mangrove
409,-81.7161058226481,26.0443359291194,0.0,Mangrove
410,-81.71605238267031,26.0442596253389,0.0,Mangrove
411,-81.7156251096129,26.044441059911716,0.0,Mangrove
412,-81.71570959206322,26.04448931443301,0.0,Mangrove
413,-81.71585715745744,26.04460786010199,0.0,Mangrove
414,-81.71715428339948,26.045485068159223,0.0,Mangrove
415,-81.71902853597693,26.04634031488214,0.0,Mangrove
416,-81.71894129719492,26.046375099781745,0.0,Mangrove
417,-81.7188573281984,26.046422896324636,0.0,Mangrove
418,-81.72919289250369,26.0513879188939,0.0,Mangrove
419,-81.72951028219879,26.052207056540713,0.0,Mangrove
420,-81.72937533149288,26.052338805191006,0.0,Mangrove
421,-81.67943369419004,25.846564715872706,0.0,Mangrove
422,-81.67941108326009,25.84674414381032,0.0,Mangrove
423,-81.53602338417738,25.94891357993137,0.0,Mangrove
424,-81.5377606344618,25.945482249083625,0.0,Mangrove
425,-81.53780719412842,25.94572742030336,0.0,Mangrove
426,-81.53776861703435,25.945810708417646,0.0,Mangrove
427,-81.53773003988692,25.945893996521505,0.0,Mangrove
428,-81.53769146268615,25.94597728461505,0.0,Mangrove
429,-81.53743657367171,25.94607732065777,0.0,Mangrove
430,-81.53706942681569,25.9461872115183,0.0,Mangrove
431,-81.53700467569622,25.94625582200626,0.0,Mangrove
432,-81.53695768980324,25.946335501447027,0.0,Mangrove
433,-81.53672745701614,25.946468998003116,0.0,Mangrove
434,-81.53663009557988,25.946489122983593,0.0,Mangrove
435,-81.53633369511806,25.94669176827497,0.0,Mangrove
436,-81.53627162649042,25.94676198544926,0.0,Mangrove
437,-81.53688086982869,25.944039661168624,0.0,Mangrove
438,-81.53696473750544,25.944088451476695,0.0,Mangrove
439,-81.5370509269829,25.944134068988117,0.0,Mangrove
440,-81.53709187241782,25.944216125104482,0.0,Mangrove
441,-81.53713642235891,25.94439069434696,0.0,Mangrove
442,-81.53713534536973,25.944480847708856,0.0,Mangrove
443,-81.5370770513065,25.944652769628615,0.0,Mangrove
444,-81.53704603905646,25.944919203730727,0.0,Mangrove
445,-81.53704113792716,25.945008612055858,0.0,Mangrove
446,-81.67988953060653,25.84592264874672,0.0,Mangrove
447,-81.67996653770223,25.845979406179058,0.0,Mangrove
448,-81.68004764885438,25.846031964922272,0.0,Mangrove
449,-81.68020846323509,25.84613740901031,0.0,Mangrove
450,-81.6802964104233,25.846180062129473,0.0,Mangrove
451,-81.68045015929536,25.846293231893117,0.0,Mangrove
452,-81.68064554746101,25.846493696480746,0.0,Mangrove
453,-81.75099424377932,25.990992038538934,0.0,Mangrove
454,-81.75064489340366,25.990849455143334,0.0,Mangrove
455,-81.70912704396886,26.046331806438307,0.0,Mangrove
456,-81.70904114837549,26.046288743120186,0.0,Mangrove
457,-81.70904375122993,26.046028322540103,0.0,Mangrove
458,-81.70920025493068,26.04597345518103,0.0,Mangrove
459,-81.70912266004999,26.046027104530694,0.0,Mangrove
460,-81.7090267741284,26.046052498651274,0.0,Mangrove
461,-81.77682702977894,26.096626133142447,0.0,Mangrove
462,-81.77623583423761,26.095887477788246,0.0,Mangrove
463,-81.77616012358938,26.096031423091834,0.0,Mangrove
464,-81.77610323095762,26.09620051210452,0.0,Mangrove
465,-81.77560911927152,26.09527480927394,0.0,Mangrove
466,-81.77561829866576,26.095185087124012,0.0,Mangrove
467,-81.7757583349943,26.09508137535255,0.0,Mangrove
468,-81.77493666956511,26.094526166736866,0.0,Mangrove
469,-81.77492569405335,26.094437719828324,0.0,Mangrove
470,-81.77530543049195,26.093349144508,0.0,Mangrove
471,-81.7752990673436,26.09325918004569,0.0,Mangrove
472,-81.77529964475183,26.09316891394426,0.0,Mangrove
473,-81.775273891928,26.09290388216936,0.0,Mangrove
474,-81.77526003830575,26.092817717394457,0.0,Mangrove
475,-81.77522132098679,26.09273459047988,0.0,Mangrove
476,-81.77517369164082,26.0925602751642,0.0,Mangrove
477,-81.65171555200874,25.920048936026213,0.0,Mangrove
478,-81.65165385899185,25.919977938206106,0.0,Mangrove
479,-81.65158907946638,25.9199105129944,0.0,Mangrove
480,-81.65140687217077,25.91983660156449,0.0,Mangrove
481,-81.65122611762841,25.91984213310909,0.0,Mangrove
482,-81.65104351392402,25.920024116489962,0.0,Mangrove
483,-81.65128605286695,25.920185018795223,0.0,Mangrove
484,-81.70905875548482,26.045891144438865,0.0,Mangrove
485,-81.70956032830738,26.04580917243351,0.0,Mangrove
486,-81.71006311261824,26.04610494043291,0.0,Mangrove
487,-81.71021044914484,26.04602659255886,0.0,Mangrove
488,-81.71031259160716,26.046006184219937,0.0,Mangrove
489,-81.71050457790301,26.04604640101504,0.0,Mangrove
490,-81.71057270041672,26.04610194466694,0.0,Mangrove
491,-81.7106704563649,26.04609289922358,0.0,Mangrove
492,-81.71074373339721,26.046149472320977,0.0,Mangrove
493,-81.63714951389984,25.892674827902855,0.0,Mangrove
494,-81.63705769853739,25.89499886790811,0.0,Mangrove
495,-81.54043546634186,25.94562911429328,0.0,Mangrove
496,-81.54051528880672,25.945463618327917,0.0,Mangrove
497,-81.54053764470488,25.94537612155379,0.0,Mangrove
498,-81.54056395446459,25.945289785218645,0.0,Mangrove
499,-81.54060685472373,25.945208320751508,0.0,Mangrove
500,-81.54065111118545,25.94512789831264,0.0,Mangrove
501,-81.54067140275878,25.94503948564197,0.0,Mangrove
502,-81.54062315818817,25.944865120374228,0.0,Mangrove
503,-81.54056567533583,25.944695648135482,0.0,Mangrove
504,-81.54064529911186,25.94415962896902,0.0,Mangrove
505,-81.54074334549327,25.943812793283218,0.0,Mangrove
506,-81.54106736063117,25.943060183912678,0.0,Mangrove
507,-81.5411266008535,25.94298751287036,0.0,Mangrove
508,-81.54118673046169,25.942915417454106,0.0,Mangrove
509,-81.54173096834927,25.941335944919587,0.0,Mangrove
510,-81.54169771538815,25.941251173873727,0.0,Mangrove
511,-81.54164835139933,25.941076248166343,0.0,Mangrove
512,-81.54161325717541,25.94089847398438,0.0,Mangrove
513,-81.54159952427636,25.940809039991837,0.0,Mangrove
514,-81.54157571205637,25.940629750889357,0.0,Mangrove
515,-81.54175186240191,25.940223966340653,0.0,Mangrove
516,-81.54221442520961,25.939930868965696,0.0,Mangrove
517,-81.5424131395512,25.939912767760454,0.0,Mangrove
518,-81.5425121842025,25.939901196929352,0.0,Mangrove
519,-81.54136830985782,25.939383409859996,0.0,Mangrove
520,-81.54130153885575,25.93921499233535,0.0,Mangrove
521,-81.54125460366285,25.939135784468927,0.0,Mangrove
522,-81.54122026003247,25.93905203252065,0.0,Mangrove
523,-81.5410768717127,25.93881563346049,0.0,Mangrove
524,-81.54103301052933,25.93873473246486,0.0,Mangrove
525,-81.54101190485916,25.93864762637785,0.0,Mangrove
526,-81.54131576312568,25.93763340110697,0.0,Mangrove
527,-81.54141357827551,25.93762682469609,0.0,Mangrove
528,-81.54159774201379,25.93755816881939,0.0,Mangrove
529,-81.54171762467513,25.937609537529195,0.0,Mangrove
530,-81.54184574980442,25.9375038751302,0.0,Mangrove
531,-81.54189353366652,25.937429631230025,0.0,Mangrove
532,-81.54197912306088,25.93739087181439,0.0,Mangrove
533,-81.54223441628092,25.937173357991334,0.0,Mangrove
534,-81.54084304197096,25.937533533132388,0.0,Mangrove
535,-81.54054344402087,25.937889000702366,0.0,Mangrove
536,-81.54018113747081,25.937906272243744,0.0,Mangrove
537,-81.53953883763712,25.937210347726793,0.0,Mangrove
538,-81.53944875840013,25.937171391865252,0.0,Mangrove
539,-81.53935147914387,25.937151861859896,0.0,Mangrove
540,-81.53925359082021,25.93713398212967,0.0,Mangrove
541,-81.5392130183451,25.93721596797568,0.0,Mangrove
542,-81.53915689443386,25.937289747983503,0.0,Mangrove
543,-81.53979953388891,25.938004348138758,0.0,Mangrove
544,-81.53968037388442,25.938147736194107,0.0,Mangrove
545,-81.53963372359424,25.938318265596724,0.0,Mangrove
546,-81.53970024739023,25.938486838214722,0.0,Mangrove
547,-81.53970892349929,25.93857585038795,0.0,Mangrove
548,-81.54004659127042,25.93851344501396,0.0,Mangrove
549,-81.54025833867614,25.938932037585865,0.0,Mangrove
550,-81.54046461548455,25.93881976002518,0.0,Mangrove
551,-81.54056422125389,25.938813711798034,0.0,Mangrove
552,-81.52947586063563,25.95879122233079,0.0,Mangrove
553,-81.52954921557968,25.958852221347076,0.0,Mangrove
554,-81.52957801748774,25.95902643396823,0.0,Mangrove
555,-81.52960814513767,25.959111016316612,0.0,Mangrove
556,-81.5296691273754,25.95917954154332,0.0,Mangrove
557,-81.52987619725087,25.959371769299675,0.0,Mangrove
558,-81.5299198200797,25.959452998799172,0.0,Mangrove
559,-81.52997134658843,25.95953035114896,0.0,Mangrove
560,-81.531911922371,25.958796318899644,0.0,Mangrove
561,-81.5321851442371,25.95868526458248,0.0,Mangrove
562,-81.53235942341655,25.958597053128674,0.0,Mangrove
563,-81.53253379546511,25.95850893718585,0.0,Mangrove
564,-81.53262198306112,25.958466570723825,0.0,Mangrove
565,-81.53280179984097,25.958387949775705,0.0,Mangrove
566,-81.53298770678765,25.958322510892994,0.0,Mangrove
567,-81.53308501125952,25.958303313385265,0.0,Mangrove
568,-81.53338235392854,25.958271399490517,0.0,Mangrove
569,-81.53405936650334,25.95812466554001,0.0,Mangrove
570,-81.53415495362461,25.958099267010468,0.0,Mangrove
571,-81.5343377137218,25.958026944369756,0.0,Mangrove
572,-81.5344200110009,25.957975786124976,0.0,Mangrove
573,-81.53457118706902,25.95785800988133,0.0,Mangrove
574,-81.53471217699624,25.957730120128925,0.0,Mangrove
575,-81.53478009449248,25.95766395273403,0.0,Mangrove
576,-81.53490246380932,25.957521383100968,0.0,Mangrove
577,-81.53500716789095,25.957367807113467,0.0,Mangrove
578,-81.53704786271457,25.956835761277176,0.0,Mangrove
579,-81.5371472941265,25.95682725168528,0.0,Mangrove
580,-81.5372466090742,25.95681764082776,0.0,Mangrove
581,-81.53734637434097,25.95681371083225,0.0,Mangrove
582,-81.53764589333726,25.956809909523308,0.0,Mangrove
583,-81.53774569777198,25.956806344354845,0.0,Mangrove
584,-81.53794506229345,25.95679539777938,0.0,Mangrove
585,-81.53824331348382,25.95676956743571,0.0,Mangrove
586,-81.53843299989808,25.95671920715621,0.0,Mangrove
587,-81.53855991481873,25.95630505660205,0.0,Mangrove
588,-81.5385409597248,25.956216517381804,0.0,Mangrove
589,-81.53850725611726,25.956131660674814,0.0,Mangrove
590,-81.53845994188379,25.955957066414758,0.0,Mangrove
591,-81.53847861394007,25.95577934325476,0.0,Mangrove
592,-81.53858241987957,25.955525550388643,0.0,Mangrove
593,-81.53861668883938,25.955440735439474,0.0,Mangrove
594,-81.53870334369223,25.9551814480754,0.0,Mangrove
595,-81.53873306842358,25.955095243562287,0.0,Mangrove
596,-81.53880020843357,25.954925177074525,0.0,Mangrove
597,-81.53890351649684,25.954670928551327,0.0,Mangrove
598,-81.53893311269255,25.95458471891741,0.0,Mangrove
599,-81.53895816023659,25.954497334202433,0.0,Mangrove
600,-81.53897869303137,25.954408993473365,0.0,Mangrove
601,-81.53900715722989,25.954230357649276,0.0,Mangrove
602,-81.53901288682796,25.954049940674103,0.0,Mangrove
603,-81.53901453525616,25.953688933875494,0.0,Mangrove
604,-81.53901538080271,25.953508387689272,0.0,Mangrove
605,-81.53900702560837,25.953418613072706,0.0,Mangrove
606,-81.53899269459978,25.953329251443353,0.0,Mangrove
607,-81.5389535263332,25.953152236099935,0.0,Mangrove
608,-81.53889922441374,25.95288592334829,0.0,Mangrove
609,-81.53886202450606,25.95261717166687,0.0,Mangrove
610,-81.5388201958139,25.952348960488926,0.0,Mangrove
611,-81.53880321143264,25.952259980800914,0.0,Mangrove
612,-81.53878705983131,25.952170874441812,0.0,Mangrove
613,-81.53877092596977,25.952081764407893,0.0,Mangrove
614,-81.53872951007037,25.951813485145365,0.0,Mangrove
615,-81.53871580511169,25.951724043290557,0.0,Mangrove
616,-81.53870211455688,25.951634599629188,0.0,Mangrove
617,-81.53867313091193,25.951455919490353,0.0,Mangrove
618,-81.53864070060318,25.951277746215275,0.0,Mangrove
619,-81.53862177433817,25.951189092533028,0.0,Mangrove
620,-81.53859859533438,25.951101261812266,0.0,Mangrove
621,-81.53855986118486,25.95092416548151,0.0,Mangrove
622,-81.53974073254898,25.947436419343187,0.0,Mangrove
623,-81.53986805396406,25.947191536700654,0.0,Mangrove
624,-81.53993479556233,25.947021612194163,0.0,Mangrove
625,-81.54002434932448,25.946669968302945,0.0,Mangrove
626,-81.54011459326846,25.946318204039873,0.0,Mangrove
627,-81.54020569201046,25.946060246787642,0.0,Mangrove
628,-81.54024614004258,25.945977718602897,0.0,Mangrove
629,-81.67944584729686,25.87451157580958,0.0,Mangrove
630,-81.6795664919538,25.874490307342345,0.0,Mangrove
631,-81.67977187063062,25.874395629535105,0.0,Mangrove
632,-81.67979688241917,25.874309253137362,0.0,Mangrove
633,-81.6798864051439,25.87427600132241,0.0,Mangrove
634,-81.68088093595841,25.874705643083292,0.0,Mangrove
635,-81.68102866260713,25.87499185825559,0.0,Mangrove
636,-81.68103477848274,25.87508193207772,0.0,Mangrove
637,-81.68096057422659,25.875207053915197,0.0,Mangrove
638,-81.68058331717306,25.875564222644062,0.0,Mangrove
639,-81.68077506893466,25.875573197716964,0.0,Mangrove
640,-81.68029201550232,25.87521993964899,0.0,Mangrove
641,-81.68024872425117,25.875049269795145,0.0,Mangrove
642,-81.68020059312,25.874797871997075,0.0,Mangrove
643,-81.61334216251973,25.84049570604632,0.0,Water
644,-81.692221294863,25.851631583553587,0.0,Water
645,-81.70100150597452,25.862267774249663,0.0,Water
646,-81.7155638073302,25.881612792227077,0.0,Water
647,-81.72434401844171,25.894818800809393,0.0,Water
648,-81.74126198619317,25.89581817443189,0.0,Water
649,-81.74064332633166,25.82814630342608,0.0,Water
650,-81.71208979426169,25.826528269942095,0.0,Water
651,-81.6800146599031,25.82633791306164,0.0,Water
652,-81.66830771175441,25.826147556181173,0.0,Water
653,-81.62604848429088,25.825195771778876,0.0,Water
654,-81.6127235026582,25.82567166398001,0.0,Water
655,-81.56294517841624,25.824339165816745,0.0,Water
656,-81.55409358347455,25.823958452055837,0.0,Water
657,-81.57693640913052,25.83404736672053,0.0,Water
658,-81.59987441322673,25.833476296079137,0.0,Water
659,-81.58816746507803,25.839758073134533,0.0,Water
660,-81.58835782195852,25.85003734467969,0.0,Water
661,-81.61353137725891,25.850344961398527,0.0,Water
662,-81.62589391450392,25.83933928799749,0.0,Water
663,-81.62589391450392,25.850344961398555,0.0,Water
664,-81.64006560354089,25.85034496139857,0.0,Water
665,-81.6400656035409,25.840846914490765,0.0,Water
666,-81.62589391450395,25.860295296254304,0.0,Water
667,-81.6139836652069,25.860446058903623,0.0,Water
668,-81.69660159703945,25.836173272361584,0.0,Water
669,-81.71197938727103,25.836173272361574,0.0,Water
670,-81.73338768347581,25.855772416774418,0.0,Water
671,-81.73399073407313,25.865421226331495,0.0,Water
672,-81.73368920877448,25.877783763576492,0.0,Water
673,-81.73308615817714,25.894970705600038,0.0,Water
674,-81.72358811126942,25.87838681417383,0.0,Water
675,-81.72343734862008,25.86692885282478,0.0,Water
676,-81.72268353537343,25.856073942073056,0.0,Water
677,-81.71303472581634,25.855169366177087,0.0,Water
678,-81.71378853906297,25.86677809017544,0.0,Water
679,-81.70489354275256,25.854717078229093,0.0,Water
680,-81.74017200269564,25.83753013620555,0.0,Water
681,-81.68107304415852,25.8357209844136,0.0,Water
682,-81.66946432016013,25.834816408517632,0.0,Water
683,-81.6518250901886,25.834062595270964,0.0,Water
684,-81.60086731471527,25.868738004616755,0.0,Water
685,-81.70959313936683,26.03859250656929,0.0,Marsh
686,-81.70952336670824,26.03852881445642,0.0,Marsh
687,-81.71179619357565,26.01743220086415,0.0,Marsh
688,-81.77603058049081,26.10060257995079,0.0,Marsh
689,-81.72223500834058,26.048629992202297,0.0,Marsh
690,-81.72247513548264,26.0487782771061,0.0,Marsh
691,-81.722564564366,26.048928134515826,0.0,Marsh
692,-81.7221663776941,26.04913730893438,0.0,Marsh
693,-81.72224063339866,26.04919763233846,0.0,Marsh
694,-81.72230442041399,26.049266732140033,0.0,Marsh
695,-81.72507795309203,26.05047006185007,0.0,Marsh
696,-81.72478336067394,26.05048311697305,0.0,Marsh
697,-81.72492923581787,26.050727007111302,0.0,Marsh
698,-81.72551484985063,26.05103657775202,0.0,Marsh
699,-81.72852129511608,26.051620375432716,0.0,Marsh
700,-81.72871365595768,26.051571211812732,0.0,Marsh
701,-81.728758840248,26.051639810709975,0.0,Marsh
702,-81.72893083714018,26.051708040770176,0.0,Marsh
703,-81.7279028805985,26.05271411848734,0.0,Marsh
704,-81.72789165913427,26.052781686958753,0.0,Marsh
705,-81.75068932285677,25.991939472905468,0.0,Marsh
706,-81.75074469977949,25.99187626443531,0.0,Marsh
707,-81.7508333049537,25.99183626101077,0.0,Marsh
708,-81.75092988741885,25.991814937380255,0.0,Marsh
709,-81.75102929394329,25.99181110095559,0.0,Marsh
710,-81.75112859160595,25.9918196160719,0.0,Marsh
711,-81.75122805293631,25.991826849834172,0.0,Marsh
712,-81.75142199459067,25.991831923238692,0.0,Marsh
713,-81.75161115998003,25.99178248130371,0.0,Marsh
714,-81.75171089493685,25.991786088053015,0.0,Marsh
715,-81.75180542876286,25.99176884719138,0.0,Marsh
716,-81.75188952189826,25.991720130282157,0.0,Marsh
717,-81.75197039010105,25.99166837895383,0.0,Marsh
718,-81.75574441264477,25.996665693638942,0.0,Marsh
719,-81.67843074038132,25.84923550980847,0.0,Marsh
720,-81.67838900800788,25.84931752988806,0.0,Marsh
721,-81.67810602142191,25.84979469645364,0.0,Marsh
722,-81.67805527344933,25.849872431820444,0.0,Marsh
723,-81.67800093560895,25.849948166798132,0.0,Marsh
724,-81.67794659770003,25.85002390175608,0.0,Marsh
725,-81.67789225972257,25.850099636694285,0.0,Marsh
726,-81.67783713052034,25.85017485990366,0.0,Marsh
727,-81.67752945462162,25.850530281491867,0.0,Marsh
728,-81.67746872024522,25.850601927240756,0.0,Marsh
729,-81.6772866748174,25.850816975084438,0.0,Marsh
730,-81.75574033518666,25.996526684668787,0.0,Marsh
731,-81.75562596387032,25.996378808422463,0.0,Marsh
732,-81.75551557570668,25.996228571422442,0.0,Marsh
733,-81.75518735780166,25.995776390491706,0.0,Marsh
734,-81.75506739256299,25.995631971750488,0.0,Marsh
735,-81.75488800621866,25.995414985173152,0.0,Marsh
736,-81.75477482438045,25.995267559018156,0.0,Marsh
737,-81.75458005963822,25.994964629798535,0.0,Marsh
738,-81.75447264924622,25.994813281854675,0.0,Marsh
739,-81.75440661268817,25.99474597064405,0.0,Marsh
740,-81.75435079140247,25.994671098221712,0.0,Marsh
741,-81.75417246124306,25.994455886987126,0.0,Marsh
742,-81.75404480778516,25.994324060407703,0.0,Marsh
743,-81.75401060714807,25.99424309496066,0.0,Marsh
744,-81.7539321442932,25.994187228380834,0.0,Marsh
745,-81.75386558639822,25.994121034952386,0.0,Marsh
746,-81.7538097780127,25.994046142193717,0.0,Marsh
747,-81.753698161456,25.99389635660484,0.0,Marsh
748,-81.75364034019186,25.993822898625076,0.0,Marsh
749,-81.75351493935715,25.99368378053014,0.0,Marsh
750,-81.75346974451183,25.99360325442324,0.0,Marsh
751,-81.75342663340845,25.993521800515246,0.0,Marsh
752,-81.54131824348141,25.93972845118686,0.0,Marsh
753,-81.54125998445461,25.9396725057043,0.0,Marsh
754,-81.53970023758353,25.937360416133874,0.0,Marsh
755,-81.53704387643043,25.947583095131037,0.0,Marsh
756,-81.53695300371406,25.947617983237468,0.0,Marsh
757,-81.53686138732284,25.94765369299858,0.0,Marsh
758,-81.53668377884843,25.947734534399622,0.0,Marsh
759,-81.53632040289779,25.94802428739026,0.0,Marsh
760,-81.53609832579166,25.94847037621635,0.0,Marsh
761,-81.52800434993748,25.963835335057944,0.0,Marsh
762,-81.52800940799884,25.96374515708268,0.0,Marsh
763,-81.52802237703862,25.96356511042695,0.0,Marsh
764,-81.52803960437913,25.963476247348947,0.0,Marsh
765,-81.52806562667756,25.963389069329388,0.0,Marsh
766,-81.52810802092668,25.96321266333101,0.0,Marsh
767,-81.52814175271205,25.963034665097695,0.0,Marsh
768,-81.52816440636855,25.962946721953056,0.0,Marsh
769,-81.52819079133758,25.962859655960475,0.0,Marsh
770,-81.5283054072284,25.962420327152387,0.0,Marsh
771,-81.5283853076184,25.96206658169163,0.0,Marsh
772,-81.52841129140221,25.9619794608918,0.0,Marsh
773,-81.52866030911044,25.961487398667252,0.0,Marsh
774,-81.52870259369743,25.961405596471618,0.0,Marsh
775,-81.73159946279591,26.025036229972486,0.0,Developed
776,-81.73151384957976,26.024991808773816,0.0,Developed
777,-81.73153708169771,26.025065663552287,0.0,Developed
778,-81.73147473219811,26.025129092005884,0.0,Developed
779,-81.73138692557791,26.025168231516044,0.0,Developed
780,-81.73122730266553,26.025263150271332,0.0,Developed
781,-81.72888559995869,26.02550947897792,0.0,Developed
782,-81.70160519643947,26.022260496773896,0.0,Developed
783,-81.70046803301935,26.051033037273235,0.0,Developed
784,-81.70055129958672,26.051270866919623,0.0,Developed
785,-81.7007360331771,26.051312755472562,0.0,Developed
786,-81.70147192251349,26.05193230691233,0.0,Developed
787,-81.70104933023885,26.049891681153756,0.0,Developed
788,-81.69918890899372,26.047157204565828,0.0,Developed
789,-81.69683800151999,26.048575363325302,0.0,Developed
790,-81.69842510201086,25.9952040529645,0.0,Developed
791,-81.69824426297444,25.993947697553416,0.0,Developed
792,-81.69709260384762,25.994604428791003,0.0,Developed
793,-81.69666430086656,25.99443786652059,0.0,Developed
794,-81.65106549988114,25.92152285318822,0.0,Developed
795,-81.6511226069453,25.921944017786256,0.0,Developed
796,-81.65092987060382,25.92235090561825,0.0,Developed
797,-81.65021960149356,25.921815526891944,0.0,Developed
798,-81.64957000863897,25.92268997881158,0.0,Developed
799,-81.64924164302016,25.922782777790793,0.0,Developed
800,-81.64834577595147,25.922925545451168,0.0,Developed
801,-81.64959856217105,25.9216299289335,0.0,Developed
802,-81.64530839397753,25.922479396512536,0.0,Developed
803,-81.64474446171914,25.923282464602025,0.0,Developed
804,-81.644483910739,25.92383925847741,0.0,Developed
805,-81.64715247625703,25.927205006070217,0.0,Developed
806,-81.64738090451361,25.927259733673342,0.0,Developed
807,-81.68585916843992,25.903797058424843,0.0,Developed
808,-81.68531784106109,25.903916031475127,0.0,Developed
809,-81.68487169212247,25.90413613161822,0.0,Developed
810,-81.68226023366853,25.90437407771879,0.0,Developed
811,-81.68107050316559,25.90389223686509,0.0,Developed
812,-81.67490175050781,25.910370319453595,0.0,Developed
813,-81.67446749887424,25.912642704714226,0.0,Developed
814,-81.6736406361747,25.91326731322825,0.0,Developed
815,-81.69320218510423,26.02996797826159,0.0,Developed
816,-81.69410043163394,26.031294527772346,0.0,Developed
817,-81.69480832128319,26.03168713883835,0.0,Developed
818,-81.69137801098177,26.036701495989085,0.0,Developed
819,-81.65483416998941,25.91747347256602,0.0,Sand
820,-81.66190607826447,25.908219386634457,0.0,Sand
821,-81.66219745598309,25.9081858770249,0.0,Sand
822,-81.66229698196747,25.908180801132353,0.0,Sand
823,-81.66239413460806,25.90816473681019,0.0,Sand
824,-81.65879053598597,25.90911818349296,0.0,Sand
825,-81.75116082833478,26.020916537279458,0.0,Sand
826,-81.75124639823305,26.020954762992798,0.0,Sand
827,-81.67943035443993,25.846357667514432,0.0,Sand
828,-81.67943967534931,25.84626803654047,0.0,Sand
829,-81.67947331918441,25.846185229137806,0.0,Sand
830,-81.67941804689129,25.84600471370988,0.0,Sand
831,-81.67913184820837,25.84615494699424,0.0,Sand
832,-81.67905696058524,25.846101570162475,0.0,Sand
833,-81.67911566113634,25.84594594515468,0.0,Sand
834,-81.6794026682168,25.845910869294073,0.0,Sand
835,-81.67950093689959,25.84592619525047,0.0,Sand
836,-81.67960024465414,25.845929892042047,0.0,Sand
837,-81.67964803375745,25.845800725654726,0.0,Sand
838,-81.67955304184504,25.845773426638438,0.0,Sand
839,-81.6791624801147,25.845766314563694,0.0,Sand
840,-81.67903930036887,25.845885623113805,0.0,Sand
841,-81.67901301189487,25.84590130441242,0.0,Sand
842,-81.67908956275063,25.846242712024154,0.0,Sand
843,-81.67915053859629,25.84631415312295,0.0,Sand
844,-81.67938166578483,25.846310057655863,0.0,Sand
845,-81.67914842487824,25.847571523608018,0.0,Sand
846,-81.67895012000936,25.84788433307257,0.0,Sand
847,-81.67889315973999,25.847958422447963,0.0,Sand
848,-81.67869620158638,25.848162188275385,0.0,Sand
849,-81.67863164111947,25.848230841872667,0.0,Sand
850,-81.67850003122912,25.848470939793685,0.0,Sand
851,-81.6784547501592,25.84864637480078,0.0,Sand
852,-81.67840773426242,25.848821810225523,0.0,Sand
853,-81.6783805755222,25.84890869321952,0.0,Sand
854,-81.67831979984173,25.849080671649833,0.0,Sand
855,-81.67802637489568,25.8495507014395,0.0,Sand
856,-81.67781393605642,25.849856143358974,0.0,Sand
857,-81.67775658780741,25.849930007670505,0.0,Sand
858,-81.67758733257021,25.850153223668894,0.0,Sand
859,-81.67748025247853,25.850305486749946,0.0,Sand
860,-81.67731402945448,25.85053066238668,0.0,Sand
861,-81.67718956620317,25.8506717757512,0.0,Sand
862,-81.67688008888425,25.851025778228472,0.0,Sand
863,-81.67675701022505,25.85116793211795,0.0,Sand
864,-81.67669932048841,25.85124160930541,0.0,Sand
865,-81.67663780127243,25.85131269892181,0.0,Sand
866,-81.67657150829834,25.851380158762975,0.0,Sand
867,-81.67687818672556,25.85120811035156,0.0,Sand
868,-81.67694508340507,25.85114222613056,0.0,Sand
869,-81.67700976913937,25.85107356352999,0.0,Sand
870,-81.67713366713981,25.850932119977006,0.0,Sand
871,-81.67726648593477,25.85077662004102,0.0,Sand
872,-81.67738492574439,25.850631316788444,0.0,Sand
873,-81.67744310410112,25.850557993863625,0.0,Sand
874,-81.67749891707963,25.85048314813478,0.0,Sand
875,-81.67760610914992,25.85033084516153,0.0,Sand
876,-81.67771672198577,25.850180527487016,0.0,Sand
877,-81.67777514105636,25.850107324589835,0.0,Sand
878,-81.67782968244836,25.850031716704727,0.0,Sand
879,-81.67794635949909,25.84988527301186,0.0,Sand
880,-81.67800601889866,25.849812957331466,0.0,Sand
881,-81.67806045606514,25.849738232510227,0.0,Sand
882,-81.67815975637421,25.84958276706713,0.0,Sand
883,-81.67820763517099,25.84950354839156,0.0,Sand
884,-81.67830986097697,25.849349008592537,0.0,Sand
885,-81.67839933346977,25.849187933758294,0.0,Sand
886,-81.75324650817485,25.992226442684537,0.0,Sand
887,-81.75330148034186,25.992301838323414,0.0,Sand
888,-81.75336059717584,25.992374617979213,0.0,Sand
889,-81.75341589902516,25.992449805686935,0.0,Sand
890,-81.75363609345786,25.992750965496445,0.0,Sand
891,-81.7536909014269,25.992826399392662,0.0,Sand
892,-81.7537440766658,25.992902840599005,0.0,Sand
893,-81.75389259689996,25.993138060593655,0.0,Sand
894,-81.75401175196296,25.993281469003513,0.0,Sand
895,-81.75410806992005,25.99343960497198,0.0,Sand
896,-81.75415962967212,25.993516944942108,0.0,Sand
897,-81.75426477285801,25.993670494005425,0.0,Sand
898,-81.7544265642093,25.993898427524286,0.0,Sand
899,-81.75454620316265,25.99404298183112,0.0,Sand
900,-81.7546522727647,25.994196020357407,0.0,Sand
901,-81.75475746156653,25.99434948075785,0.0,Sand
902,-81.75481054155361,25.994425976365672,0.0,Sand
903,-81.75496297726389,25.994659183361872,0.0,Sand
904,-81.75501334173572,25.99473714931628,0.0,Sand
905,-81.7551109047511,25.99489463507967,0.0,Sand
906,-81.75516403079197,25.99497110467995,0.0,Sand
907,-81.75532091873826,25.99520174866413,0.0,Sand
908,-81.75553567565777,25.9955060123936,0.0,Sand
909,-81.75559141753317,25.99558094038749,0.0,Sand
910,-81.75575511393785,25.995807647847467,0.0,Sand
911,-81.75580626934867,25.995885207300088,0.0,Sand
912,-81.7558574273948,25.995962765349343,0.0,Sand
913,-81.75590547162554,25.99604192958582,0.0,Sand
914,-81.75601010724533,25.996195742152835,0.0,Sand
915,-81.75622466176648,25.996500388135523,0.0,Sand
916,-81.7562763651485,25.996577622879283,0.0,Sand
917,-81.75642691240938,25.996811706909234,0.0,Sand
918,-81.75647716192269,25.996889745486175,0.0,Sand
919,-81.75653071969343,25.996965968711898,0.0,Sand
920,-81.75663893952006,25.997117722148154,0.0,Sand
921,-81.75679108644668,25.997350993365902,0.0,Sand
922,-81.75684153170705,25.997428830287575,0.0,Sand
923,-81.75689461543293,25.997505320007512,0.0,Sand
924,-81.7569711350888,25.997436618138615,0.0,Sand
925,-81.7569362496689,25.997352051982432,0.0,Sand
926,-81.75699962568585,25.997471749658352,0.0,Sand
927,-81.7570968018791,25.997629527384447,0.0,Sand
928,-81.75719878168698,25.9977847846648,0.0,Sand
929,-81.75728182347783,25.997948798291596,0.0,Sand
930,-81.75737817747178,25.998106729453276,0.0,Sand
931,-81.75748180656494,25.998261084853862,0.0,Sand
932,-81.75753211335685,25.998339050827983,0.0,Sand
933,-81.75674137385082,25.997037521332466,0.0,Sand
934,-81.7566394126216,25.99688221409123,0.0,Sand
935,-81.75653745657728,25.996726904134647,0.0,Sand
936,-81.75638451885702,25.996493941279876,0.0,Sand
937,-81.75575285612966,25.996482112123378,0.0,Sand
938,-81.75568996123282,25.99641197587353,0.0,Sand
939,-81.7555977935951,25.99625193108113,0.0,Sand
940,-81.75548200082036,25.996104870920387,0.0,Sand
941,-81.75542998014262,25.996027835630752,0.0,Sand
942,-81.75537952148149,25.995949904489116,0.0,Sand
943,-81.75532826628185,25.995872400785203,0.0,Sand
944,-81.75515626937131,25.995651367591286,0.0,Sand
945,-81.75510517629837,25.99557590423663,0.0,Sand
946,-81.75494054081382,25.99535255812416,0.0,Sand
947,-81.75488871312723,25.99527563119415,0.0,Sand
948,-81.75478039703286,25.99512454982025,0.0,Sand
949,-81.75466421152888,25.994977640097254,0.0,Sand
950,-81.75460521280327,25.994904805756637,0.0,Sand
951,-81.75455070488789,25.99482913580893,0.0,Sand
952,-81.75440149057219,25.994594806638396,0.0,Sand
953,-81.75433825725862,25.994524899778064,0.0,Sand
954,-81.75423329890786,25.99437144811167,0.0,Sand
955,-81.7541337592725,25.994214896166323,0.0,Sand
956,-81.75395647460373,25.99399732318237,0.0,Sand
957,-81.75390566082868,25.993919594310196,0.0,Sand
958,-81.75385100622127,25.99384419520088,0.0,Sand
959,-81.75379099301749,25.993772010103957,0.0,Sand
960,-81.75373114996617,25.993699712573324,0.0,Sand
961,-81.75367434371137,25.993625493651162,0.0,Sand
962,-81.75362015254179,25.99354964839524,0.0,Sand
963,-81.75356493623809,25.993474416960943,0.0,Sand
964,-81.75345916393947,25.993321280398618,0.0,Sand
965,-81.75321933790985,25.993032744544628,0.0,Sand
966,-81.75316499275752,25.99295699170346,0.0,Sand
967,-81.75310419216412,25.99288538194085,0.0,Sand
968,-81.75304453830303,25.992812955159554,0.0,Sand
969,-81.75298642446275,25.99273951100052,0.0,Sand
970,-81.75293136845791,25.992664181082105,0.0,Sand
971,-81.75287629382105,25.99258884743717,0.0,Sand
972,-81.75282225351616,25.992512908202283,0.0,Sand
973,-81.7526042107908,25.992210258832667,0.0,Sand
974,-81.75254753479003,25.992135987433844,0.0,Sand
975,-81.75248875510893,25.992063010060356,0.0,Sand
976,-81.75231485063351,25.99184240976554,0.0,Sand
977,-81.75225558724162,25.991769718259718,0.0,Sand
978,-81.75213548730378,25.991625576811018,0.0,Sand
979,-81.75133920683666,25.991067095268026,0.0,Sand
980,-81.75025145701764,25.991079125686266,0.0,Sand
981,-81.75030912468108,25.99142880066256,0.0,Sand
982,-81.7504172063376,25.991580610716706,0.0,Sand
983,-81.75057669624347,25.99180933801401,0.0,Sand
984,-81.75061788110578,25.99189136999824,0.0,Sand
985,-81.75073904445286,25.992137261708457,0.0,Sand
986,-81.77551001365744,26.09488098003688,0.0,Sand
987,-81.7752960771795,26.094476584098114,0.0,Sand
988,-81.77530063110788,26.09429611939105,0.0,Sand
989,-81.77533225777711,26.093851594663356,0.0,Sand
990,-81.75210688117394,25.99166617689205,0.0,Sand
991,-81.75223771928123,25.99180146922634,0.0,Sand
992,-81.7094587614464,26.045867605141872,0.0,Sand
993,-81.68074028175239,25.875389632074846,0.0,Sand
994,-81.71053868313803,26.013319208702136,0.0,Upland
995,-81.71045200444983,26.013278116749277,0.0,Upland
996,-81.71038315380468,26.01321468772256,0.0,Upland
997,-81.71047359672352,26.01299479906526,0.0,Upland
998,-81.71054549519042,26.0129344828913,0.0,Upland
999,-81.71076091159115,26.01225389880963,0.0,Upland
1000,-81.71364152059355,26.012078534583885,0.0,Upland
1001,-81.71222079836265,26.011757154258195,0.0,Upland
1002,-81.71240508838014,26.011772601427978,0.0,Upland
1003,-81.71250023302004,26.011794824756123,0.0,Upland
1004,-81.71259326145993,26.011825692503596,0.0,Upland
1005,-81.71293462432551,26.011955953145762,0.0,Upland
1006,-81.71303265697776,26.011960383748665,0.0,Upland
1007,-81.72220478677265,25.988042926268374,0.0,Upland
1008,-81.71081424667463,26.011923228107182,0.0,Upland
1009,-81.71337243195399,26.01221270076978,0.0,Upland
1010,-81.71354243969569,26.01255231920407,0.0,Upland
1011,-81.71358302304017,26.012634507825148,0.0,Upland
1012,-81.71363725211496,26.01271020893553,0.0,Upland
1013,-81.71365940403692,26.01278974935017,0.0,Upland
1014,-81.72503305869093,25.9889993468764,0.0,Upland
1015,-81.72328419471138,25.98928810890534,0.0,Upland
1016,-81.7233782805448,25.989300274241437,0.0,Upland
1017,-81.72346947959684,25.989281003570955,0.0,Upland
1018,-81.7218583244379,25.987967068525414,0.0,Upland
1019,-81.72187122826377,25.987921333648185,0.0,Upland
1020,-81.72549318492277,25.98865167422271,0.0,Upland
1021,-81.72548389840259,25.988867593863116,0.0,Upland
1022,-81.72364479216587,25.989427531401336,0.0,Upland
1023,-81.72290312890746,25.989302150242953,0.0,Upland
1024,-81.72282210574565,25.989286823332094,0.0,Upland
1025,-81.70790241541653,26.041077295026223,0.0,Upland
1026,-81.7078562099154,26.041247267491627,0.0,Upland
1027,-81.70788181760223,26.041332719483105,0.0,Upland
1028,-81.707927669401,26.041505358752584,0.0,Upland
1029,-81.70800254562567,26.04174919145712,0.0,Upland
1030,-81.70803351958037,26.041834376590412,0.0,Upland
1031,-81.70197011714276,26.03431643931895,0.0,Upland
1032,-81.70317055082603,26.03539628342336,0.0,Upland
1033,-81.70334129852637,26.0353414088679,0.0,Upland
1034,-81.70341654802958,26.035400435245574,0.0,Upland
1035,-81.70351071578216,26.035414695907594,0.0,Upland
1036,-81.6541057532503,25.916547252292297,0.0,Upland
1037,-81.6540462686897,25.916644781591987,0.0,Upland
1038,-81.65400927144061,25.91671074152211,0.0,Upland
1039,-81.65410297804311,25.916714686390034,0.0,Upland
1040,-81.6542952066342,25.916902885817343,0.0,Upland
1041,-81.65438829967351,25.91701564945908,0.0,Upland
1042,-81.65446869329526,25.91701869595211,0.0,Upland
1043,-81.65448818374445,25.91704055557612,0.0,Upland
1044,-81.65439109696415,25.91702594818207,0.0,Upland
1045,-81.71785695124532,25.989694903567766,0.0,Upland
1046,-81.7177995050949,25.989621691040785,0.0,Upland
1047,-81.71773402163997,25.989553682746163,0.0,Upland
1048,-81.71811496631904,25.98968679088193,0.0,Upland
1049,-81.71855557159893,25.98980282995737,0.0,Upland
1050,-81.71858776543085,25.989811837683895,0.0,Upland
1051,-81.71872187440349,25.98991001319454,0.0,Upland
1052,-81.71944094608901,25.989544875172164,0.0,Upland
1053,-81.71954077781506,25.98964288543434,0.0,Upland
1054,-81.71959905635734,25.98960282638521,0.0,Upland
1055,-81.7196262649179,25.98959406350643,0.0,Upland
1056,-81.71970235553567,25.989561903295833,0.0,Upland
1057,-81.71976126899013,25.98950398314531,0.0,Upland
1058,-81.71979796669534,25.989576010675584,0.0,Upland
1059,-81.71991727717356,25.98959492999084,0.0,Upland
1060,-81.71987057115435,25.98967001929689,0.0,Upland
1061,-81.65435278124608,25.914849230671766,0.0,Upland
1062,-81.65425734521061,25.914860201021792,0.0,Upland
1063,-81.65419492858136,25.914838396425168,0.0,Upland
1064,-81.65419106452441,25.91471541965747,0.0,Upland
1065,-81.65434709663326,25.914800136331163,0.0,Upland
1066,-81.65447687354217,25.914937389603928,0.0,Upland
1067,-81.65454176210969,25.915006016193583,0.0,Upland
1068,-81.65467153947084,25.915143269279504,0.0,Upland
1069,-81.65467462049581,25.91514522958085,0.0,Upland
1070,-81.65461121574381,25.915075477850998,0.0,Upland
1071,-81.65454781106673,25.91500572609133,0.0,Upland
1072,-81.65442100193738,25.91486622248249,0.0,Upland
1073,-81.65435759748507,25.91479647063331,0.0,Upland
1074,-81.6542941931077,25.914726718754316,0.0,Upland
1075,-81.65423233066922,25.91465589765092,0.0,Upland
1076,-81.65386718408448,25.91633243530676,0.0,Upland
1077,-81.65382339957688,25.916251562766757,0.0,Upland
1078,-81.65382038631651,25.916164415038836,0.0,Upland
1079,-81.65376074948841,25.9159200956756,0.0,Upland
1080,-81.65380445144862,25.91584500786315,0.0,Upland
1081,-81.65384582888301,25.91577098593629,0.0,Upland
1082,-81.65383566399561,25.915681160362492,0.0,Upland
1083,-81.71169097419939,26.02070436830842,0.0,Upland
1084,-81.71175079989288,26.02063212821814,0.0,Upland
1085,-81.71180787355262,26.02055803922261,0.0,Upland
1086,-81.71192660804262,26.02041296991376,0.0,Upland
1087,-81.71202415848393,26.020256094337142,0.0,Upland
1088,-81.712267206433,26.017975603852218,0.0,Upland
1089,-81.71133799988075,26.017162684437928,0.0,Upland
1090,-81.71127095773677,26.017095974387413,0.0,Upland
1091,-81.71119704289367,26.017036063206696,0.0,Upland
1092,-81.71105290603725,26.01680676116252,0.0,Upland
1093,-81.71096486840767,26.016550027254333,0.0,Upland
1094,-81.71093326457616,26.0164645749762,0.0,Upland
1095,-81.71088392374311,26.01638613062166,0.0,Upland
1096,-81.71082674076006,26.016312409135697,0.0,Upland
1097,-81.71076063798172,26.01624471967253,0.0,Upland
1098,-81.71068828455658,26.016182604070316,0.0,Upland
1099,-81.71060537884465,26.016132524626485,0.0,Upland
1100,-81.71041626217826,26.016077948779955,0.0,Upland
1101,-81.70986835892147,26.015665351461326,0.0,Upland
1102,-81.70987899261173,26.015485157113527,0.0,Upland
1103,-81.70987158450427,26.015305141675427,0.0,Upland
1104,-81.70986651544808,26.015214971755032,0.0,Upland
1105,-81.70987163830654,26.01503465531066,0.0,Upland
1106,-81.70988061663502,26.01485434300301,0.0,Upland
1107,-81.71007031088044,26.014416003235336,0.0,Upland
1108,-81.7102677525478,26.014406146539137,0.0,Upland
1109,-81.71036466174152,26.014387936986704,0.0,Upland
1110,-81.71046217822841,26.01436853925504,0.0,Upland
1111,-81.71055989621343,26.01434979757242,0.0,Upland
1112,-81.710848019498,26.01427606076238,0.0,Upland
1113,-81.71094554646496,26.01425736049794,0.0,Upland
1114,-81.71104472117011,26.014247882875118,0.0,Upland
1115,-81.71121618557477,26.01418155703333,0.0,Upland
1116,-81.71072569671435,26.014114121840745,0.0,Upland
1117,-81.71062787371972,26.014113874960326,0.0,Upland
1118,-81.71066872410255,26.013908865634967,0.0,Upland
1119,-81.71081870982809,26.013126775782816,0.0,Upland
1120,-81.7136262327542,26.01197638948636,0.0,Upland
1121,-81.71359058853926,26.011911239263373,0.0,Upland
1122,-81.71351063264208,26.01188620248582,0.0,Upland
1123,-81.71649622485032,26.010579369337783,0.0,Upland
1124,-81.71648099913591,26.010667362043385,0.0,Upland
1125,-81.71646839715103,26.010770418824393,0.0,Upland
1126,-81.71085987776706,26.012051641202536,0.0,Upland
1127,-81.71036331869857,26.012122993431657,0.0,Upland
1128,-81.77682784170993,26.102470631754176,0.0,Upland
1129,-81.77682252615645,26.102380496366315,0.0,Upland
1130,-81.77671977415045,26.102413571260932,0.0,Upland
1131,-81.77668405824473,26.102346897473442,0.0,Upland
1132,-81.77665348776893,26.102173463198003,0.0,Upland
1133,-81.77632841900004,26.10196917882888,0.0,Upland
1134,-81.77610914970259,26.10182415935687,0.0,Upland
1135,-81.77598946896316,26.101917111483207,0.0,Upland
1136,-81.77590593738593,26.101937526690584,0.0,Upland
1137,-81.77595803218472,26.101934601594813,0.0,Upland
1138,-81.77602899600723,26.10187107113167,0.0,Upland
1139,-81.77609199179788,26.10180171599951,0.0,Upland
1140,-81.77649784659948,26.101767980665247,0.0,Upland
1141,-81.77633650582914,26.101662059252234,0.0,Upland
1142,-81.71032053292794,26.012286709760428,0.0,Upland
1143,-81.71031302968406,26.01237586267347,0.0,Upland
1144,-81.71037854785023,26.01242447347202,0.0,Upland
1145,-81.71216620408885,26.018195806432576,0.0,Upland
1146,-81.71206741382647,26.018209330327934,0.0,Upland
1147,-81.71177153355904,26.018246475180973,0.0,Upland
1148,-81.71121485226226,26.018256793964312,0.0,Upland
1149,-81.71090314406668,26.018251347605386,0.0,Upland
1150,-81.71070559346818,26.01823527294306,0.0,Upland
1151,-81.71060572160341,26.01823238490767,0.0,Upland
1152,-81.70933202911868,26.018202950203744,0.0,Upland
1153,-81.7092249106788,26.01829722333558,0.0,Upland
1154,-81.70916080430565,26.018460097571396,0.0,Upland
1155,-81.70924256088878,26.018507764423934,0.0,Upland
1156,-81.70932874976117,26.018634380167935,0.0,Upland
1157,-81.66050161235708,25.907539207450366,0.0,Upland
1158,-81.65919971292577,25.908500709268328,0.0,Upland
1159,-81.6581411586343,25.909832555885107,0.0,Upland
1160,-81.65796254402902,25.91048094747291,0.0,Upland
1161,-81.65791286516232,25.910447029203567,0.0,Upland
1162,-81.65783149278542,25.91049461227154,0.0,Upland
1163,-81.6602972371097,25.908901942964782,0.0,Upland
1164,-81.66020753640062,25.908816679131263,0.0,Upland
1165,-81.6602863698827,25.908865303174924,0.0,Upland
1166,-81.6557505436349,25.90871342514234,0.0,Upland
1167,-81.65580564519163,25.90877053270927,0.0,Upland
1168,-81.65558709614137,25.909106026167805,0.0,Upland
1169,-81.65571909228821,25.909539362022173,0.0,Upland
1170,-81.65572264916229,25.909668812244337,0.0,Upland
1171,-81.66285930260459,25.908379319408667,0.0,Upland
1172,-81.66300549894756,25.908500561838697,0.0,Upland
1173,-81.70924262126815,26.04815186863779,0.0,Upland
1174,-81.70955506290083,26.047623456047678,0.0,Upland
1175,-81.7093971462407,26.047397596632212,0.0,Upland
1176,-81.70982431866632,26.046867865265735,0.0,Upland
1177,-81.71035011352274,26.046880916670652,0.0,Upland
1178,-81.71052707733193,26.046945210316764,0.0,Upland
1179,-81.71100482364811,26.046606530330738,0.0,Upland
1180,-81.7115325486906,26.047049152350564,0.0,Upland
1181,-81.71161903663652,26.0470041097394,0.0,Upland
1182,-81.71171617772835,26.04701517137173,0.0,Upland
1183,-81.71182376080722,26.046963491132853,0.0,Upland
1184,-81.71192186333076,26.046975486079646,0.0,Upland
1185,-81.71210319428722,26.046904562130194,0.0,Upland
1186,-81.71228914067713,26.04688126353368,0.0,Upland
1187,-81.7124482205399,26.046868338869746,0.0,Upland
1188,-81.71260782476304,26.046821527103827,0.0,Upland
1189,-81.7127865551409,26.047101947370106,0.0,Upland
1190,-81.7127099574747,26.047257518949063,0.0,Upland
1191,-81.71255700767188,26.047372350080618,0.0,Upland
1192,-81.71251540579091,26.047452113822427,0.0,Upland
1193,-81.71249306798904,26.047540005832307,0.0,Upland
1194,-81.71244127264235,26.047877314728996,0.0,Upland
1195,-81.71234140458563,26.047880754986068,0.0,Upland
1196,-81.7120681167093,26.04806717392061,0.0,Upland
1197,-81.71210885543438,26.048496655794512,0.0,Upland
1198,-81.71215499230424,26.048575207381884,0.0,Upland
1199,-81.71222541926956,26.048706134543423,0.0,Upland
1200,-81.7120017344861,26.0488741885296,0.0,Upland
1201,-81.71184536715448,26.049094223189105,0.0,Upland
1202,-81.7117915849877,26.04926038605231,0.0,Upland
1203,-81.71677817898069,26.050300373709977,0.0,Upland
1204,-81.71678930508818,26.0502106545291,0.0,Upland
1205,-81.71681279554332,26.0501229411021,0.0,Upland
1206,-81.71736352305703,26.050268448963305,0.0,Upland
1207,-81.72715975919336,26.05168262056642,0.0,Upland
1208,-81.7274673456349,26.05146046443186,0.0,Upland
1209,-81.72756187445887,26.051431280875367,0.0,Upland
1210,-81.72810571077912,26.051503023708708,0.0,Upland
1211,-81.72827459466548,26.05161810417579,0.0,Upland
1212,-81.72939557709557,26.051313996960133,0.0,Upland
1213,-81.7296112881889,26.051421865617485,0.0,Upland
1214,-81.729626730884,26.05151004464328,0.0,Upland
1215,-81.72961448081914,26.051599244095843,0.0,Upland
1216,-81.72935456464383,26.05263265565714,0.0,Upland
1217,-81.72899460864622,26.052786393953344,0.0,Upland
1218,-81.72882338451451,26.052879459212697,0.0,Upland
1219,-81.72881850738966,26.053019427128508,0.0,Upland
1220,-81.72897596751824,26.053240245368954,0.0,Upland
1221,-81.72890883814307,26.053292247887644,0.0,Upland
1222,-81.72881787879929,26.053273830818092,0.0,Upland
1223,-81.72797445245581,26.0534431456027,0.0,Upland
1224,-81.7279107382578,26.053497419825714,0.0,Upland
1225,-81.72149750978879,26.06422393897509,0.0,Upland
1226,-81.72132610336713,26.064142322276076,0.0,Upland
1227,-81.72118380111014,26.0640161202105,0.0,Upland
1228,-81.7210251890653,26.06391617628682,0.0,Upland
1229,-81.72074511514687,26.063923836105186,0.0,Upland
1230,-81.7206569532059,26.063964645219794,0.0,Upland
1231,-81.7205036267119,26.06408050613684,0.0,Upland
1232,-81.70885820072002,26.046487890917152,0.0,Upland
1233,-81.70977478775599,26.048500842577873,0.0,Upland
1234,-81.70971009368361,26.048568722120105,0.0,Upland
1235,-81.70961541205801,26.048568465191114,0.0,Upland
1236,-81.7780401017932,26.102781147337243,0.0,Upland
1237,-81.7780465686322,26.10269742036633,0.0,Upland
1238,-81.777934822961,26.102560526839724,0.0,Upland
1239,-81.77784999873538,26.10251270585917,0.0,Upland
1240,-81.7760233812784,26.097277050960912,0.0,Upland
1241,-81.77612487365988,26.097185240385645,0.0,Upland
1242,-81.77618424499984,26.097112592526738,0.0,Upland
1243,-81.77479592546354,26.094654826929467,0.0,Upland
1244,-81.77667121485224,26.097490952658053,0.0,Upland
1245,-81.77658415653192,26.097535368941987,0.0,Upland
1246,-81.77658468863837,26.097644586878012,0.0,Upland
1247,-81.77638746315446,26.097736689314928,0.0,Upland
1248,-81.77630928008658,26.097845532557365,0.0,Upland
1249,-81.7759241189841,26.098893219894936,0.0,Upland
1250,-81.77587987424454,26.099147690670748,0.0,Upland
1251,-81.77580834158778,26.09921043035517,0.0,Upland
1252,-81.77573507513013,26.099271744329453,0.0,Upland
1253,-81.67770635721921,25.850543436700082,0.0,Upland
1254,-81.67783125370292,25.850402577820287,0.0,Upland
1255,-81.67794495702232,25.85025422673586,0.0,Upland
1256,-81.67800111129932,25.850179584429334,0.0,Upland
1257,-81.6781019505357,25.850023853439957,0.0,Upland
1258,-81.67820776370984,25.849870817932516,0.0,Upland
1259,-81.7106498800134,26.046641128502674,0.0,Upland
1260,-81.71058049646808,26.046705115754555,0.0,Upland
1261,-81.71039354137358,26.047704791574244,0.0,Upland
1262,-81.71033830345286,26.04777999633795,0.0,Upland
1263,-81.71038177991339,26.047856312064443,0.0,Upland
1264,-81.71047711050335,26.048112422220644,0.0,Upland
1265,-81.71039484637267,26.048337721372643,0.0,Upland
1266,-81.71031533621728,26.048324685954817,0.0,Upland
1267,-81.71022369025943,26.048288984849947,0.0,Upland
1268,-81.63645133658747,25.890817942738188,0.0,Upland
